Partner Type,Description,Typical Investment Range,Advantages,Disadvantages,Column 6
Utility Companies,Established energy providers looking to expand renewable portfolio,$10M-$100M+,"Experience in energy sector, existing infrastructure",May have competing interests with fossil fuels,
Private Equity Firms,Investment firms specializing in energy or infrastructure,$5M-$500M,"Large capital availability, industry expertise","High return expectations, less patience for long-term projects",
Government Agencies,"Federal, state or local renewable energy initiatives",$500K-$50M (grants/loans),"Favorable terms, tax incentives, grants","Bureaucratic process, funding dependent on political climate",
Green Energy Funds,Specialized investment vehicles for renewable projects,$1M-$100M,"Aligned mission, experienced in renewable financing",May have specific project requirements or limitations,
Community Investment,"Local community ownership models, cooperatives",$100K-$10M,"Local support, reduced NIMBYism, shared benefits","Slower decision making, smaller capital pools",
Corporate Partners,Companies seeking to offset energy costs or improve ESG,$1M-$50M,"Stable long-term PPA agreements, marketing value",May want specific project attributes or locations,
Individual Investors,High-net-worth individuals or crowdfunding,$10K-$5M,"Flexible terms, mission-driven",Management complexity with multiple investors,
,,,,,
,,,,,
,,,,,
,,,,,
,,,,,
,,,,,
